{
    "request": {
        "Voltage-Battery": [
            13.1899996,
            13.0999994,
            13.0499992,
            13.0199995,
            12.9899998,
            12.9499998,
            12.9299994,
            12.8800001,
            12.8599997,
            12.8299999,
            12.8099995,
            12.7999992,
            12.7799997,
            12.7599993,
            12.75,
            12.7399998,
            12.7399998,
            12.7299995,
            12.7199993,
            12.7199993,
            12.7199993,
            12.7299995,
            12.7199993,
            12.7199993
        ],
        "Current-Battery": [
            0.189999998,
            0.170000002,
            0.179999992,
            0.179999992,
            0.170000002,
            0.199999988,
            0.179999992,
            0.209999993,
            0.179999992,
            0.199999988,
            0.179999992,
            0.189999998,
            0.189999998,
            0.189999998,
            0.179999992,
            0.179999992,
            0.179999992,
            0.199999988,
            0.179999992,
            0.189999998,
            0.189999998,
            0.189999998,
            0.209999993,
            0.179999992
        ],
        "Voltage-Solar": [
            18.6399994,
            2.21000004,
            0.25,
            0.159999996,
            0.149999991,
            0.099999994,
            0.099999994,
            0.089999996,
            0.099999994,
            0.099999994,
            0.07,
            0.089999996,
            0.079999998,
            0.089999996,
            0.079999998,
            0.079999998,
            5.28999996,
            15.3399992,
            16.2199993,
            18.2600002,
            17.7999992,
            18.8999996,
            18.1099987,
            16.8599987
        ],
        "Current-Solar": [
            0,
            0,
            0,
            0,
            0,
            0,
            0,
            0,
            0,
            0,
            0,
            0,
            0,
            0,
            0,
            0,
            0,
            0,
            0,
            0,
            0,
            0,
            0,
            0
        ]
    }
}