{
    "request": {
        "Voltage-Battery": [
            13.9699993,
            13.9299994,
            13.9099998,
            13.8800001,
            13.8400002,
            13.9099998,
            13.5999994,
            13.5999994,
            13.1499996,
            13.04,
            12.9799995,
            12.9399996,
            12.9399996,
            12.8999996,
            12.8800001,
            12.8800001,
            12.8800001,
            12.8400002,
            12.8199997,
            12.7799997,
            12.7799997,
            12.7799997,
            13.29,
            14.8099995
        ],
        "Current-Battery": [
            0.099999994,
            0.099999994,
            0.099999994,
            0.099999994,
            0.099999994,
            0.099999994,
            0.099999994,
            0.099999994,
            0.099999994,
            0.099999994,
            0.099999994,
            0.099999994,
            0.099999994,
            0.099999994,
            0.099999994,
            0.0,
            0.099999994,
            0.099999994,
            0.099999994,
            0.099999994,
            0.099999994,
            0.099999994,
            0.099999994,
            0.099999994
        ],
        "Voltage-Solar": [
            20.0,
            20.0,
            20.0,
            20.0,
            20.0,
            19.8199997,
            15.0099993,
            14.8099995,
            6.94999981,
            1.16999996,
            1.16999996,
            1.25,
            1.14999998,
            1.25,
            1.16999996,
            1.25,
            1.25,
            1.20999992,
            1.26999998,
            1.29999995,
            1.20999992,
            15.75,
            17.1999989,
            16.7299995
        ],
        "Current-Solar": [
            1.09000003,
            1.09000003,
            0.949999988,
            0.949999988,
            0.949999988,
            0.949999988,
            0.579999983,
            0.579999983,
            0.209999993,
            0.209999993,
            0.209999993,
            0.209999993,
            0.209999993,
            0.209999993,
            0.209999993,
            0.209999993,
            0.209999993,
            0.209999993,
            0.209999993,
            0.209999993,
            0.209999993,
            0.359999985,
            1.56999993,
            3.39999986
        ]
    }
}